,RMSE,MAE,Directional Accuracy
Zero Return,0.01790134313776326,0.012502410059622852,0.0
Last Return,0.025313485364526198,0.018206477844180585,0.4961832061068702
